url_path,views_total,views_unique
/llnl/zero-rk,17,15
/llnl/zero-rk/branches,4,3
/llnl/zero-rk/tree/master/src/zerork,4,1
/LLNL/zero-rk,3,3
/llnl/zero-rk/pulls,2,2
/llnl/zero-rk/tree/github-repo-stats,2,2
/llnl/zero-rk/blob/hip/applications/cfd_plugin/interfaces/hip_la_manager/hip_la_manager.h,2,1
/llnl/zero-rk/blob/hip/applications/cfd_plugin/interfaces/hipblas_manager/hipblas_manager.hip,2,1
/llnl/zero-rk/tree/hip/applications,2,1
/llnl/zero-rk/tree/hip/applications/cfd_plugin/interfaces/hipblas_manager,2,1
